,pos,ref,alt,pos_alt,freq,aa_pos,aa_ref,aa_alt,SynNonSyn,MutType
0,473,T,C,473_C,0.02482300065457821,158,L,P,NonSyn,TC
1,768,T,C,768_C,0.0423940010368824,256,I,I,Syn,TC
2,1215,G,A,1215_A,0.0481100007891655,405,W,*,NonSyn,GA
3,2085,T,C,2085_C,0.06198300048708916,695,F,F,Syn,TC
