sample,hsn
CD00-m000-00-JRCSF.csv,0.00027578401444908543
CD00-m000-00-REJOc.csv,9.17017166990652e-05
