# CD00-m000-00-JRCSF.csv,CD00-m000-00-REJOc.csv
0.000000000000000000e+00,2.415299993008374058e-01
2.415299993008374058e-01,0.000000000000000000e+00
